City_ID,City,Country,Lat,Lng,Max Temp,Humidity,Cloudiness,Wind Speed,Current Description
0,Carnarvon,AU,-24.8667,113.6333,75.27,69,100,21.85,overcast clouds
1,Chuy,UY,-33.6971,-53.4616,75.27,39,3,16.82,clear sky
2,New Norfolk,AU,-42.7826,147.0587,52.72,74,4,1.95,clear sky
3,Ushuaia,AR,-54.8,-68.3,60.46,59,75,17.27,broken clouds
4,Faanui,PF,-16.4833,-151.75,81.23,75,100,22.88,overcast clouds
5,Dalvik,IS,65.9702,-18.5286,24.73,87,100,3.65,light snow
6,Atuona,PF,-9.8,-139.0333,78.78,72,0,19.04,clear sky
7,Punta Arenas,CL,-53.15,-70.9167,69.91,49,75,16.11,broken clouds
8,Hithadhoo,MV,-0.6,73.0833,82.47,73,32,12.55,scattered clouds
9,Kyren,RU,51.6828,102.1408,7.75,83,26,2.33,scattered clouds
10,Potiskum,NG,11.7091,11.0694,71.56,20,0,10.67,clear sky
11,Saint-Philippe,RE,-21.3585,55.7679,78.39,80,99,15.5,overcast clouds
12,Rikitea,PF,-23.1203,-134.9692,79.09,70,2,16.75,clear sky
13,Vaini,TO,-21.2,-175.2,75.36,94,100,12.66,light rain
14,Busselton,AU,-33.65,115.3333,54.09,53,64,17.92,broken clouds
15,Puerto Ayora,EC,-0.7393,-90.3518,84.16,85,58,5.99,broken clouds
16,Hermanus,ZA,-34.4187,19.2345,67.89,89,9,8.19,clear sky
17,Leh,IN,34.1667,77.5833,11.52,87,96,3.89,overcast clouds
18,Saravan,AM,39.7196,45.6483,21.85,76,36,6.69,scattered clouds
19,Avarua,CK,-21.2078,-159.775,77.05,88,85,10.36,overcast clouds
20,Lucapa,AO,-8.4192,20.7447,66.4,94,84,3.06,light rain
21,Torbay,CA,47.6666,-52.7314,16.57,81,75,14.97,broken clouds
22,Mikhaylovka,RU,50.06,43.2379,26.78,97,100,5.86,overcast clouds
23,East London,ZA,-33.0153,27.9116,72.54,88,20,12.66,few clouds
24,Cherskiy,RU,68.75,161.3,-31.16,100,24,1.1,few clouds
25,Sile,TR,41.1754,29.6133,43.47,66,0,5.37,clear sky
26,Adrar,MR,20.5022,-10.0711,73.11,8,0,9.17,clear sky
27,Koslan,RU,63.4564,48.8989,15.4,94,100,8.55,overcast clouds
28,Bredasdorp,ZA,-34.5322,20.0403,70.92,73,0,8.05,clear sky
29,Butaritari,KI,3.0707,172.7902,81.39,77,34,15.23,light rain
30,Herat,AF,34.5,62.0,41.27,72,0,0.83,clear sky
31,Bethel,US,41.3712,-73.414,29.71,58,100,1.99,overcast clouds
32,Villa Carlos Paz,AR,-31.4241,-64.4978,79.05,28,0,9.6,clear sky
33,Hualmay,PE,-11.0964,-77.6139,74.75,68,70,10.58,broken clouds
34,Novyy Urengoy,RU,66.0833,76.6333,-20.94,100,72,2.33,broken clouds
35,Huntsville,US,34.7304,-86.5861,52.92,46,0,3.0,clear sky
36,Vallenar,CL,-28.5708,-70.7581,87.82,22,0,11.48,clear sky
37,Khatanga,RU,71.9667,102.5,-18.33,98,99,8.61,overcast clouds
38,Hamilton,US,39.1834,-84.5333,39.83,59,2,1.01,clear sky
39,Pringsewu,ID,-5.3582,104.9744,72.18,98,100,0.76,moderate rain
40,Kruisfontein,ZA,-34.0033,24.7314,76.89,58,100,14.34,overcast clouds
41,Camacha,PT,33.0833,-16.3333,59.76,67,40,16.11,scattered clouds
42,Avon Lake,US,41.5053,-82.0282,36.64,55,15,8.99,few clouds
43,Mwense,ZM,-10.3845,28.698,66.88,95,100,3.29,light rain
44,Yellowknife,CA,62.456,-114.3525,-5.58,96,75,12.66,light snow
45,Solnechnyy,RU,50.7214,136.6319,-4.54,99,98,2.44,overcast clouds
46,Mataura,NZ,-46.1927,168.8643,42.48,90,10,0.92,clear sky
47,Narsaq,GL,60.9167,-46.05,9.37,72,100,1.16,overcast clouds
48,Castro,BR,-24.7911,-50.0119,77.86,67,29,6.71,moderate rain
49,Bluff,NZ,-46.6,168.3333,42.8,78,6,4.79,clear sky
50,Fort Nelson,CA,58.8053,-122.7002,11.79,92,40,8.05,scattered clouds
51,Hilo,US,19.7297,-155.09,71.11,91,100,5.75,heavy intensity rain
52,Norman Wells,CA,65.282,-126.8329,-14.76,70,75,12.66,broken clouds
53,Doha,QA,25.2867,51.5333,62.58,59,0,13.8,clear sky
54,Lazaro Cardenas,MX,17.9583,-102.2,84.97,43,17,9.13,few clouds
55,Anito,PH,12.4497,125.2886,76.41,88,76,10.89,light rain
56,Ribeira Grande,PT,38.5167,-28.7,63.0,82,75,12.66,broken clouds
57,Lebu,CL,-37.6167,-73.65,66.25,64,0,13.42,clear sky
58,Ruston,US,32.5232,-92.6379,51.85,36,0,1.99,clear sky
59,Keningau,MY,5.3378,116.1602,73.85,99,99,2.68,overcast clouds
60,Bengkulu,ID,-3.8004,102.2655,76.1,88,100,9.84,overcast clouds
61,Upernavik,GL,72.7868,-56.1549,-12.98,97,100,6.58,overcast clouds
62,Vidim,RU,56.4088,103.1106,8.98,99,100,2.66,overcast clouds
63,San Patricio,US,28.017,-97.5169,64.49,60,6,5.26,clear sky
64,Cayenne,GF,4.9333,-52.3333,82.09,85,100,4.0,moderate rain
65,Jamestown,US,42.097,-79.2353,34.52,29,12,11.01,few clouds
66,Provideniya,RU,64.3833,-173.3,-5.57,84,2,4.03,clear sky
67,Ikongo,MG,-21.8833,47.4333,72.7,98,100,2.59,moderate rain
68,Nikolskoye,RU,59.7035,30.7861,35.87,94,100,12.28,light snow
69,Barrow,US,71.2906,-156.7887,-23.78,69,20,13.8,haze
70,Namibe,AO,-15.1961,12.1522,75.06,69,100,13.47,overcast clouds
71,Haines Junction,CA,60.7522,-137.5108,29.03,92,100,7.07,overcast clouds
72,Witu,KE,-2.3889,40.4382,78.96,86,89,10.45,overcast clouds
73,Pisco,PE,-13.7,-76.2167,72.01,83,40,10.36,mist
74,Lethem,GY,3.3803,-59.7968,92.59,43,91,8.99,overcast clouds
75,Matadi,CD,-5.8167,13.45,80.98,74,26,7.29,scattered clouds
76,Manacapuru,BR,-3.2997,-60.6206,83.57,74,95,4.14,heavy intensity rain
77,Sao Francisco Do Sul,BR,-26.2433,-48.6381,88.11,67,24,9.42,few clouds
78,Churapcha,RU,62.0025,132.4325,-34.58,100,100,3.56,overcast clouds
79,Mount Isa,AU,-20.7333,139.5,76.77,65,75,5.75,broken clouds
80,Salta,AR,-24.7859,-65.4117,62.58,74,92,3.0,overcast clouds
81,Dikson,RU,73.5069,80.5464,-20.54,99,94,9.64,overcast clouds
82,Concepcion Del Oro,MX,24.6333,-101.4167,60.31,43,99,18.54,overcast clouds
83,Teya,RU,60.3778,92.6267,10.31,97,100,1.19,light snow
84,Anadyr,RU,64.75,177.4833,-17.9,76,0,8.95,clear sky
85,Tuktoyaktuk,CA,69.4541,-133.0374,-22.0,76,100,18.41,light snow
86,Isangel,VU,-19.55,169.2667,77.11,94,100,13.8,light rain
87,Roald,NO,62.5833,6.1333,39.99,75,75,11.5,broken clouds
88,Kirkenes,NO,69.7271,30.0458,23.22,86,75,11.5,broken clouds
89,Buin,CL,-33.7333,-70.75,92.05,13,0,11.34,clear sky
90,Albany,US,42.6001,-73.9662,27.82,50,13,1.99,few clouds
91,Pevek,RU,69.7008,170.3133,-24.34,99,33,1.05,scattered clouds
92,Bandarbeyla,SO,9.4942,50.8122,75.87,72,100,14.9,overcast clouds
93,Georgiyevka,KZ,43.0369,74.7114,33.84,100,100,6.71,light intensity shower rain
94,Port Alfred,ZA,-33.5906,26.891,75.02,82,47,26.22,scattered clouds
95,Hobart,AU,-42.8794,147.3294,53.06,87,5,3.0,clear sky
96,Ouango,CF,4.3133,22.5552,74.7,27,87,1.12,overcast clouds
97,Ponta Delgada,PT,37.7333,-25.6667,64.51,88,40,16.11,scattered clouds
98,Eregli,TR,37.5133,34.0467,24.71,74,2,3.06,clear sky
99,Wattegama,LK,6.7989,81.4808,77.92,76,100,4.88,overcast clouds
100,Hanzhong,CN,33.0728,107.0303,32.11,81,100,0.81,overcast clouds
101,Chase,CA,50.8165,-119.6857,39.07,96,99,3.53,overcast clouds
102,Hasaki,JP,35.7333,140.8333,28.8,43,0,24.02,clear sky
103,Cidreira,BR,-30.1811,-50.2056,81.25,51,0,11.86,clear sky
104,Tasiilaq,GL,65.6145,-37.6368,23.16,62,100,35.54,overcast clouds
105,Cape Town,ZA,-33.9258,18.4232,69.1,74,15,3.78,few clouds
106,Demba,CD,-5.51,22.2667,68.61,95,100,0.45,light rain
107,Fortuna,US,40.5982,-124.1573,59.94,66,0,1.99,clear sky
108,Severo-Kurilsk,RU,50.6789,156.125,29.68,83,100,14.97,overcast clouds
109,Tiksi,RU,71.6872,128.8694,-14.96,98,100,3.71,overcast clouds
110,Loknya,RU,56.83,30.1467,31.41,96,100,12.08,snow
111,Moose Factory,CA,51.2585,-80.6094,6.78,78,100,10.36,overcast clouds
112,Hami,CN,42.8,93.45,26.6,32,17,12.95,few clouds
113,Husavik,IS,66.0449,-17.3389,24.71,77,100,8.23,overcast clouds
114,Touros,BR,-5.1989,-35.4608,88.7,63,1,13.51,clear sky
115,Dutlwe,BW,-23.9833,23.9,76.53,43,98,8.37,overcast clouds
116,Longyearbyen,SJ,78.2186,15.6401,17.44,67,40,18.41,scattered clouds
117,Udachnyy,RU,66.4167,112.4,-17.55,82,99,3.2,overcast clouds
118,Saldanha,ZA,-33.0117,17.9442,63.9,95,38,8.63,scattered clouds
119,Banda Aceh,ID,5.5577,95.3222,76.35,91,100,8.37,overcast clouds
120,Victoria,HK,22.2855,114.1577,62.26,84,100,8.99,overcast clouds
121,Shimoda,JP,34.6667,138.95,36.1,72,50,10.58,scattered clouds
122,Pasni,PK,25.2631,63.471,71.6,87,0,10.56,clear sky
123,Victoria Point,AU,-27.5833,153.3,67.95,91,75,1.99,broken clouds
124,Karratha,AU,-20.7377,116.8463,83.79,80,1,5.55,clear sky
125,Alta,NO,69.9689,23.2717,25.86,72,75,14.97,broken clouds
126,Bambous Virieux,MU,-20.3428,57.7575,79.21,89,40,11.5,scattered clouds
127,Maniitsoq,GL,65.4167,-52.9,3.96,72,100,14.61,overcast clouds
128,Eureka,US,40.8021,-124.1637,60.21,75,9,0.76,clear sky
129,Tuatapere,NZ,-46.1333,167.6833,42.82,84,5,3.0,clear sky
130,Khani,GE,41.9563,42.9566,24.37,97,100,1.9,snow
131,Shihezi,CN,44.3,86.0333,0.99,90,8,6.08,clear sky
132,San Carlos De Bariloche,AR,-41.1456,-71.3082,80.51,20,8,7.34,clear sky
133,Thinadhoo,MV,0.5333,72.9333,82.62,69,75,11.05,broken clouds
134,Te Anau,NZ,-45.4167,167.7167,41.56,88,15,1.14,few clouds
135,Synya,RU,65.3718,58.0387,-7.67,98,8,2.53,clear sky
136,Tiarei,PF,-17.5333,-149.3333,86.02,76,52,21.85,light rain
137,Thompson,CA,55.7435,-97.8558,-11.04,64,20,4.61,few clouds
138,Leningradskiy,RU,69.3833,178.4167,-22.76,98,28,6.62,scattered clouds
139,Iqaluit,CA,63.7506,-68.5145,-32.31,66,71,1.99,broken clouds
140,Acapulco,MX,16.8634,-99.8901,84.97,51,40,10.65,scattered clouds
141,Renqiu,CN,38.6989,116.0936,29.71,45,100,2.1,overcast clouds
142,Sinnamary,GF,5.3833,-52.95,81.88,75,100,9.33,moderate rain
143,Mattru,SL,7.6244,-11.8332,82.8,62,6,8.79,clear sky
144,Homer,US,59.6425,-151.5483,28.78,93,75,0.0,broken clouds
145,Codrington,AU,-38.2667,141.9667,57.51,77,0,9.08,clear sky
146,Lianzhou,CN,24.7811,112.3825,52.16,98,100,3.33,light rain
147,Dingle,PH,10.9995,122.6711,73.38,89,63,8.48,broken clouds
148,Kaitangata,NZ,-46.2817,169.8464,43.86,88,10,1.45,clear sky
149,Parambu,BR,-6.2111,-40.6944,84.65,52,100,3.09,overcast clouds
150,Nata,PA,8.3333,-80.5167,91.27,41,23,18.01,few clouds
151,Dano,BF,11.15,-3.0667,86.27,11,0,4.5,clear sky
152,Clyde River,CA,70.4692,-68.5914,-32.57,75,0,5.75,clear sky
153,Imbituba,BR,-28.24,-48.6703,82.29,75,53,11.59,broken clouds
154,Bani,DO,18.2833,-70.3333,76.75,65,63,13.47,broken clouds
155,Lorengau,PG,-2.0226,147.2712,81.01,79,100,7.58,overcast clouds
156,Along,IN,28.1667,94.7667,48.25,96,54,0.6,broken clouds
157,Sibolga,ID,1.7427,98.7792,75.07,89,100,3.27,overcast clouds
158,Souillac,MU,-20.5167,57.5167,79.36,89,40,11.5,scattered clouds
159,Red Bluff,US,40.1785,-122.2358,70.48,22,0,8.05,clear sky
160,Kapaa,US,22.0752,-159.319,74.19,77,37,1.01,light rain
161,Krasnoarmeysk,RU,51.0239,45.6969,14.11,96,100,4.56,overcast clouds
162,Ofunato,JP,39.0717,141.7167,26.92,68,15,9.91,few clouds
163,Aasiaat,GL,68.7098,-52.8699,-0.35,91,100,1.52,overcast clouds
164,Bacoli,IT,40.7995,14.0783,56.64,84,100,11.5,overcast clouds
165,Tautira,PF,-17.7333,-149.15,86.02,76,61,21.32,light rain
166,La Reforma,MX,25.0833,-108.05,76.75,43,13,9.4,few clouds
167,Oxford,GB,51.7522,-1.256,47.8,77,75,1.99,broken clouds
168,Zabaykalsk,RU,49.6333,117.3167,-2.72,98,74,5.88,broken clouds
169,Paamiut,GL,61.994,-49.6678,6.69,76,100,11.52,overcast clouds
170,Felipe Carrillo Puerto,MX,19.5833,-88.05,80.33,67,43,4.16,scattered clouds
171,Mar Del Plata,AR,-38.0023,-57.5575,66.22,91,100,24.0,light rain
172,Kodiak,US,57.79,-152.4072,33.87,84,100,6.82,overcast clouds
173,Srednekolymsk,RU,67.45,153.6833,-36.83,100,58,1.28,broken clouds
174,Veraval,IN,20.9,70.3667,67.21,71,6,9.35,clear sky
175,Barcelos,PT,41.5388,-8.6151,54.84,67,100,4.92,overcast clouds
176,Koutiala,ML,12.3917,-5.4642,83.1,8,0,7.9,clear sky
177,Paragominas,BR,-2.9667,-47.4833,82.81,81,97,3.85,heavy intensity rain
178,Laguna,US,38.421,-121.4238,64.96,62,0,1.01,clear sky
179,Tubuala,PA,9.5167,-79.0333,91.56,65,14,11.5,few clouds
180,Pangnirtung,CA,66.1451,-65.7125,-31.0,68,75,0.0,broken clouds
181,Quelimane,MZ,-17.8786,36.8883,74.05,96,97,4.41,light rain
182,Clyde,US,41.3042,-82.9752,35.38,66,6,14.47,clear sky
183,Coquimbo,CL,-29.9533,-71.3436,69.73,67,41,5.99,scattered clouds
184,Maksatikha,RU,57.797,35.8825,20.07,96,99,5.97,overcast clouds
185,Antalaha,MG,-14.9003,50.2788,76.8,85,100,4.97,overcast clouds
186,Comodoro Rivadavia,AR,-45.8667,-67.5,76.86,31,0,13.8,clear sky
187,Arman,RU,59.7,150.1667,-0.94,71,4,10.98,clear sky
188,Luderitz,NA,-26.6481,15.1594,68.31,75,11,4.7,few clouds
189,Alofi,NU,-19.0595,-169.9187,75.09,94,100,4.61,overcast clouds
190,Marzuq,YE,14.4,46.4667,65.86,32,100,1.74,overcast clouds
191,Port Elizabeth,ZA,-33.918,25.5701,78.1,88,20,17.27,light rain
192,Cockburn Town,TC,21.4612,-71.1419,80.56,44,20,14.97,few clouds
193,Korla,CN,41.7597,86.1469,23.95,46,8,5.08,clear sky
194,Yeppoon,AU,-23.1333,150.7333,67.78,76,10,13.24,clear sky
195,Faya,SA,18.3851,42.4509,53.71,77,6,1.81,clear sky
196,Dubuque,US,42.4833,-90.8668,36.63,58,70,9.42,broken clouds
197,Walvis Bay,NA,-22.9575,14.5053,74.35,68,100,4.61,overcast clouds
198,Abbeville,FR,50.1,1.8333,52.5,79,100,27.89,overcast clouds
199,Tateyama,JP,34.9833,139.8667,34.02,50,98,10.69,overcast clouds
200,Yagodnoye,RU,62.55,149.6667,-25.64,72,5,2.98,clear sky
201,Voi,KE,-3.3945,38.563,76.77,74,100,5.82,moderate rain
202,Boo,SE,59.3333,18.2833,34.77,83,0,6.91,clear sky
203,Ostrovnoy,RU,68.0531,39.5131,13.96,86,98,22.37,overcast clouds
204,Severobaykalsk,RU,55.65,109.3167,3.43,88,98,5.32,overcast clouds
205,Hofn,IS,64.2539,-15.2082,27.0,67,0,16.11,clear sky
206,Sanary-Sur-Mer,FR,43.1178,5.8001,55.92,53,72,7.0,broken clouds
207,Margate,GB,51.3813,1.3862,50.31,66,60,11.99,broken clouds
208,Koryazhma,RU,61.3143,47.1691,16.93,96,100,4.81,overcast clouds
209,Saint-Joseph,RE,-21.3667,55.6167,77.38,78,98,11.07,overcast clouds
210,Merauke,ID,-8.4667,140.3333,80.06,84,100,8.32,overcast clouds
211,Kismayo,SO,-0.3582,42.5454,78.48,81,80,16.4,broken clouds
212,Peiting,DE,47.8,10.9333,43.81,93,100,29.93,overcast clouds
213,Bilibino,RU,68.0546,166.4372,-17.84,77,2,4.25,clear sky
214,Caravelas,BR,-17.7125,-39.2481,83.34,65,7,10.25,clear sky
215,Neuquen,AR,-38.9516,-68.0591,86.43,12,4,10.92,clear sky
216,Togur,RU,58.3631,82.8265,5.47,96,100,4.56,overcast clouds
217,Kahului,US,20.8947,-156.47,76.84,82,19,8.01,few clouds
218,Airai,TL,-8.9266,125.4092,60.82,89,92,1.16,overcast clouds
219,Ugoofaaru,MV,5.6667,73.0,81.19,67,68,10.2,broken clouds
220,Santa Marinella,IT,42.0345,11.8536,54.91,94,2,10.18,clear sky
221,Niquelandia,BR,-14.4739,-48.4597,73.2,93,100,3.11,moderate rain
222,Tananger,NO,58.9333,5.6,39.34,83,75,19.57,broken clouds
223,Abu Zabad,SD,12.35,29.25,64.99,17,4,14.52,clear sky
224,Puerto Del Rosario,ES,28.5004,-13.8627,65.95,82,20,18.41,few clouds
225,Meulaboh,ID,4.1363,96.1285,76.14,90,100,6.53,overcast clouds
226,Nishihara,JP,26.1842,127.7558,58.28,58,100,9.22,overcast clouds
227,Kushima,JP,31.4583,131.2333,35.11,68,80,5.7,broken clouds
228,Chake Chake,TZ,-5.2459,39.7666,79.56,83,100,5.37,overcast clouds
229,Lagos,NG,6.5833,3.75,84.52,82,0,5.14,clear sky
230,Gat,IL,31.61,34.7642,54.91,83,0,5.59,clear sky
231,Berdigestyakh,RU,62.0989,126.6992,-23.35,100,95,4.21,overcast clouds
232,Russell,US,32.3502,-85.1999,55.96,53,44,6.64,scattered clouds
233,Zhigansk,RU,66.7697,123.3711,-25.56,99,96,6.49,overcast clouds
234,Khuzhir,RU,53.1939,107.3397,12.96,88,80,5.14,broken clouds
235,Chiredzi,ZW,-21.05,31.6667,78.55,49,100,6.69,overcast clouds
236,Sur,OM,22.5667,59.5289,71.17,71,0,6.67,clear sky
237,Daugai,LT,54.3667,24.3333,34.83,98,100,13.02,light snow
238,Shakawe,BW,-18.3667,21.85,69.91,75,90,4.59,overcast clouds
239,Guaruja,BR,-23.9931,-46.2564,96.66,41,0,6.91,clear sky
240,Freeport,US,40.6576,-73.5832,33.19,63,96,1.99,overcast clouds
241,Denpasar,ID,-8.65,115.2167,78.46,94,20,1.14,few clouds
242,Khorixas,NA,-20.3667,14.9667,75.79,49,95,14.54,overcast clouds
243,Warmbad,NA,-28.45,18.7333,76.24,50,100,23.02,light rain
244,Sao Joao Da Barra,BR,-21.6403,-41.0511,79.84,81,1,18.86,clear sky
245,Havre-Saint-Pierre,CA,50.2334,-63.5986,5.59,51,0,16.11,clear sky
246,Bonfim,BR,3.0833,-59.95,87.75,45,96,3.2,overcast clouds
247,Tashtagol,RU,52.7657,87.8894,2.32,97,50,2.8,scattered clouds
248,Kathmandu,NP,27.7167,85.3167,44.82,93,20,2.3,few clouds
249,Mackay,AU,-21.15,149.2,73.69,66,86,18.95,overcast clouds
250,Quchan,IR,37.106,58.5095,24.21,86,100,2.73,overcast clouds
251,Rehoboth,NA,-23.3167,17.0833,73.9,55,90,4.9,overcast clouds
252,Keti Bandar,PK,24.1447,67.4497,70.38,66,0,11.27,clear sky
253,Oistins,BB,13.0667,-59.5333,79.47,73,23,15.1,few clouds
254,Nome,US,64.5011,-165.4064,-11.29,88,0,9.15,clear sky
255,Sirajganj,BD,24.45,89.7167,62.26,70,5,3.94,clear sky
256,Georgetown,MY,5.4112,100.3354,78.73,91,40,0.0,scattered clouds
257,Pitimbu,BR,-7.4706,-34.8086,86.59,61,17,10.89,few clouds
258,Salalah,OM,17.0151,54.0924,75.58,45,91,8.97,overcast clouds
259,Beringovskiy,RU,63.05,179.3167,-18.35,98,46,7.49,scattered clouds
260,Yar-Sale,RU,66.8333,70.8333,-12.24,100,88,7.63,overcast clouds
261,Vila Franca Do Campo,PT,37.7167,-25.4333,64.2,86,63,12.8,broken clouds
262,Oksfjord,NO,70.2396,22.3479,32.18,86,66,12.62,broken clouds
263,Svetlogorsk,BY,52.6333,29.7333,32.11,91,100,13.22,overcast clouds
264,Columbus,US,39.9612,-82.9988,36.19,63,6,1.01,clear sky
265,Qaanaaq,GL,77.484,-69.3632,-12.6,58,32,8.34,scattered clouds
266,Yulara,AU,-25.2406,130.9889,69.64,43,0,6.91,clear sky
267,Sakakah,SA,29.9697,40.2064,51.37,51,1,8.41,clear sky
268,Tombouctou,ML,20.0,-3.0,70.05,9,0,7.4,clear sky
269,Cabo San Lucas,MX,22.8909,-109.9124,76.17,66,0,5.01,clear sky
270,Am Timan,TD,11.0297,20.2827,78.73,15,5,6.24,clear sky
271,Kharhial,IN,20.2833,82.7667,61.86,26,3,1.16,clear sky
272,Chokurdakh,RU,70.6333,147.9167,-39.37,100,87,2.51,overcast clouds
273,Amuntai,ID,-2.4177,115.2494,72.59,99,99,1.39,overcast clouds
274,Port Lincoln,AU,-34.7333,135.8667,70.99,69,0,12.59,clear sky
275,Skelleftea,SE,64.7507,20.9528,30.56,69,100,3.44,overcast clouds
276,Miri,MY,4.4148,114.0089,75.34,100,40,0.0,scattered clouds
277,Sikasso,ML,10.9167,-7.0,83.84,10,0,3.74,clear sky
278,Bathsheba,BB,13.2167,-59.5167,84.81,61,40,20.71,scattered clouds
279,Hukuntsi,BW,-24.0,21.75,76.96,46,69,12.64,broken clouds
280,Verkhoyansk,RU,67.5447,133.385,-33.54,97,100,0.38,overcast clouds
281,Varnavino,RU,57.4035,45.0916,-2.31,100,97,3.02,overcast clouds
282,Borovoy,RU,55.4333,86.0833,20.48,53,0,2.24,clear sky
283,Devils Lake,US,48.1128,-98.8651,1.94,75,8,7.0,clear sky
284,Rutana,BI,-3.8667,30.1,57.88,88,100,2.57,light rain
285,Kenai,US,60.5544,-151.2583,19.15,92,100,2.08,overcast clouds
286,Khromtau,KZ,50.2503,58.4347,16.79,94,100,13.58,overcast clouds
287,Praia Da Vitoria,PT,38.7333,-27.0667,59.76,100,75,16.06,mist
288,Yurimaguas,PE,-5.9,-76.0833,86.56,60,100,3.74,overcast clouds
289,Mount Gambier,AU,-37.8333,140.7667,60.71,67,0,6.91,clear sky
290,Umm Kaddadah,SD,13.6017,26.6876,60.57,18,100,14.72,overcast clouds
291,Kloulklubed,PW,7.0419,134.2556,80.82,82,100,23.09,overcast clouds
292,Akyab,MM,20.15,92.9,62.44,60,88,11.9,overcast clouds
293,Ahipara,NZ,-35.1667,173.1667,72.84,98,100,6.71,overcast clouds
294,Broome,US,42.2506,-75.833,29.68,63,0,4.0,clear sky
295,Novikovo,RU,51.1537,37.8879,29.71,93,100,10.38,overcast clouds
296,Galveston,US,29.3669,-94.9669,59.22,69,17,7.54,few clouds
297,Saint George,US,37.1041,-113.5841,59.47,23,0,1.01,clear sky
298,Progreso,MX,21.2833,-89.6667,75.33,74,74,11.23,broken clouds
299,Benguela,AO,-12.5763,13.4055,76.89,68,100,4.52,overcast clouds
300,Avanigadda,IN,16.0215,80.9181,70.07,82,99,4.76,overcast clouds
301,Sagua La Grande,CU,22.8067,-80.0756,79.7,62,72,11.12,broken clouds
302,Shillong,IN,25.5689,91.8831,36.63,93,7,0.45,clear sky
303,Uruguaiana,BR,-29.7547,-57.0883,84.58,20,0,15.57,clear sky
304,Portobelo,PA,9.55,-79.65,90.07,64,14,10.69,few clouds
305,Grindavik,IS,63.8424,-22.4338,27.07,74,100,9.22,overcast clouds
306,Aklavik,CA,68.2191,-135.0107,-18.4,76,75,17.27,broken clouds
307,Saint-Pierre,RE,-21.3393,55.4781,78.48,78,0,4.61,clear sky
308,Turayf,SA,31.6725,38.6637,46.42,68,3,8.37,clear sky
309,Caucaia,BR,-3.7361,-38.6531,83.03,70,67,9.42,broken clouds
310,Uvinza,TZ,-5.1036,30.3911,66.83,93,100,1.77,light rain
311,Port-De-Bouc,FR,43.4,4.9833,52.7,61,0,13.8,clear sky
312,Coahuayana,MX,18.7333,-103.6833,85.48,30,5,7.61,clear sky
313,Borogontsy,RU,62.6683,131.1683,-33.21,98,100,4.0,overcast clouds
314,Talakan,RU,50.3167,130.3667,-15.95,100,100,0.29,overcast clouds
315,Ancud,CL,-41.8697,-73.8203,75.22,66,10,6.38,clear sky
316,Macia,MZ,-25.0269,33.0989,74.44,82,19,10.76,few clouds
317,Katherine,AU,-14.4667,132.2667,75.52,94,98,0.0,overcast clouds
318,Wadi Maliz,TN,36.4681,8.5495,55.06,90,81,4.88,broken clouds
319,Tazmalt,DZ,36.3868,4.3989,51.04,88,13,5.46,few clouds
320,Kodinsk,RU,58.6881,99.1844,8.15,99,100,1.48,overcast clouds
321,Chandbali,IN,20.7833,86.7667,64.18,66,98,1.81,overcast clouds
322,Krasnyy Oktyabr,RU,56.1167,38.8833,13.24,98,93,3.94,snow
323,Vila Velha,BR,-20.3297,-40.2925,85.95,80,20,7.0,few clouds
324,Vao,NC,-22.6667,167.4833,79.95,84,84,1.05,broken clouds
325,Moramanga,MG,-18.9333,48.2,66.07,95,63,3.78,broken clouds
326,Mariental,NA,-24.6333,17.9667,83.89,34,100,4.32,overcast clouds
327,Tongliao,CN,43.6125,122.2653,0.84,87,5,7.0,clear sky
328,Benghazi,LY,32.1167,20.0667,61.38,65,100,3.89,overcast clouds
329,Asosa,ET,10.0667,34.5333,66.56,28,100,4.99,overcast clouds
330,Gallup,US,35.5281,-108.7426,43.56,31,0,11.01,clear sky
331,Oliveira,BR,-20.6964,-44.8272,67.73,96,100,6.13,overcast clouds
332,Padang,ID,-0.9492,100.3543,77.04,75,100,3.47,light rain
333,San Cristobal,VE,7.7669,-72.225,79.99,50,62,4.85,broken clouds
334,Valle De Allende,MX,26.9333,-105.4,61.05,16,0,3.58,clear sky
335,Saint-Augustin,CA,51.226,-58.6502,-1.89,71,6,14.27,clear sky
336,Jaspur,IN,29.2833,78.8167,51.44,75,64,2.44,broken clouds
337,Ponta Do Sol,PT,32.6667,-17.1,63.23,53,6,10.54,clear sky
338,Deputatskiy,RU,69.3,139.9,-34.47,98,88,5.23,overcast clouds
339,Galle,LK,6.0367,80.217,77.41,80,97,0.96,overcast clouds
340,Peleduy,RU,59.6289,112.7406,9.73,95,100,5.03,overcast clouds
341,Conde,BR,-7.2597,-34.9075,83.01,56,6,12.12,clear sky
342,Catuday,PH,16.2923,119.8062,75.4,74,94,11.21,overcast clouds
343,Ayagoz,KZ,47.9714,80.4392,-7.04,95,4,3.53,clear sky
344,Cacapava Do Sul,BR,-30.5122,-53.4914,77.94,31,5,14.74,clear sky
345,Vanimo,PG,-2.6741,141.3028,77.63,87,100,5.12,overcast clouds
346,Kibala,TD,9.1104,18.3463,80.85,15,28,4.79,scattered clouds
347,Lavrentiya,RU,65.5833,-171.0,-12.37,93,5,6.89,clear sky
348,Ilulissat,GL,69.2167,-51.1,-1.14,92,100,2.19,overcast clouds
349,Tall Kayf,TR,37.0833,41.0667,44.55,51,100,3.44,overcast clouds
350,Maun,BW,-19.9833,23.4167,76.23,46,96,10.47,overcast clouds
351,Sorrento,IT,40.626,14.3744,56.08,93,38,9.62,scattered clouds
352,Zharkent,KZ,44.1628,80.0,26.58,51,89,1.01,overcast clouds
353,Hambantota,LK,6.1241,81.1185,79.14,83,40,8.05,scattered clouds
354,Itarema,BR,-2.9248,-39.9167,84.34,65,100,13.89,overcast clouds
355,Dublin,US,37.7021,-121.9358,63.79,55,0,0.0,clear sky
356,Dakar,SN,14.6937,-17.4441,81.48,73,0,13.8,clear sky
357,Coihaique,CL,-45.5752,-72.0662,83.01,41,20,8.05,few clouds
358,Mehamn,NO,71.0357,27.8492,18.64,89,30,14.83,scattered clouds
359,Imeni Morozova,RU,59.9757,31.0376,36.01,94,100,13.6,snow
360,Oga,IT,46.4631,10.347,32.54,66,100,4.25,overcast clouds
361,Vryburg,ZA,-26.9566,24.7284,73.78,49,98,5.03,overcast clouds
362,Galesong,ID,-5.3166,119.3661,75.22,84,63,4.74,broken clouds
363,Chapais,CA,49.7834,-74.8492,6.58,93,100,10.71,light snow
364,Izhma,RU,65.0083,53.9113,14.41,86,100,10.67,overcast clouds
365,Constitucion,CL,-35.3333,-72.4167,71.74,56,13,9.75,few clouds
366,Kapit,MY,2.0167,112.9333,72.88,100,100,1.14,moderate rain
367,Klaksvik,FO,62.2266,-6.589,36.52,59,81,35.88,broken clouds
368,Ishigaki,JP,24.3448,124.1572,65.41,69,100,16.71,overcast clouds
369,Lagoa,PT,39.05,-27.9833,60.19,85,16,12.15,few clouds
370,Socorro,US,31.6546,-106.3033,52.32,28,2,9.44,clear sky
371,Oyama,JP,36.3,139.8,37.58,37,0,9.69,clear sky
372,Santa Isabel Do Rio Negro,BR,-0.4139,-65.0192,86.47,58,100,5.86,light rain
373,Batagay,RU,67.6333,134.6333,-30.48,95,100,1.68,overcast clouds
374,Springfield,US,37.2153,-93.2982,44.85,53,96,5.99,overcast clouds
375,Port Arthur,CN,38.8,121.2667,21.42,55,12,9.22,few clouds
376,Pacific Grove,US,36.6177,-121.9166,67.39,53,0,3.0,clear sky
377,Lanja,IN,16.85,73.55,64.53,92,38,2.08,scattered clouds
378,Bozova,TR,37.3625,38.5267,40.12,65,9,3.27,clear sky
379,Curuca,BR,-0.7289,-47.8481,78.82,92,100,4.68,overcast clouds
380,Seydi,TM,39.4816,62.9137,40.53,56,100,3.89,overcast clouds
381,Puerto Leguizamo,CO,-0.1934,-74.7819,82.06,80,95,2.93,overcast clouds
382,Zhuanghe,CN,39.7008,122.9911,20.59,66,100,4.36,overcast clouds
383,Mamallapuram,IN,12.6264,80.1722,80.06,73,98,10.18,overcast clouds
384,Rabo De Peixe,PT,37.8,-25.5833,62.28,90,40,16.11,scattered clouds
385,Awbari,LY,26.5921,12.7805,60.64,19,100,7.96,overcast clouds
386,Copiapo,CL,-27.3667,-70.3333,84.24,31,0,11.5,clear sky
387,Kyzyl-Suu,KG,42.3414,78.0056,25.14,74,100,3.94,overcast clouds
388,Belogorsk,RU,50.9158,128.4611,-16.02,100,100,0.92,overcast clouds
389,Ust-Nera,RU,64.5667,143.2,-24.47,79,4,3.02,clear sky
390,Port Moresby,PG,-9.4431,147.1797,75.74,86,100,5.75,overcast clouds
391,Kavieng,PG,-2.5744,150.7967,81.16,77,82,3.47,broken clouds
392,Port Shepstone,ZA,-30.7414,30.455,74.25,84,39,14.85,scattered clouds
393,Igarka,RU,67.4667,86.5833,-14.39,100,86,7.36,overcast clouds
394,Bonavista,CA,48.6499,-53.1147,16.12,63,100,25.41,overcast clouds
395,Pangkalanbuun,ID,-2.6833,111.6167,74.39,98,100,3.6,light rain
396,Zhanaozen,KZ,43.3,52.8,30.36,76,75,7.11,broken clouds
397,Kitimat,CA,54.0524,-128.6534,42.91,43,100,1.01,overcast clouds
398,Nicolas Bravo,MX,18.45,-88.9167,77.88,48,35,3.94,scattered clouds
399,Lincoln,US,40.8,-96.667,44.98,55,93,5.99,overcast clouds
400,Tarata,BO,-17.6167,-66.0167,56.62,65,100,8.32,overcast clouds
401,Palapye,BW,-22.546,27.1251,73.72,52,54,6.96,broken clouds
402,Moerai,PF,-22.4333,-151.3333,79.9,75,71,15.95,light rain
403,Goderich,CA,43.7501,-81.7165,28.9,83,100,19.08,overcast clouds
404,Tromso,NO,69.6496,18.957,30.22,64,0,18.41,clear sky
405,Luganville,VU,-15.5333,167.1667,77.88,86,100,7.47,heavy intensity rain
406,Stromness,GB,58.965,-3.296,37.65,64,74,30.94,broken clouds
407,Penjamo,MX,20.4333,-101.7333,74.66,23,0,5.88,clear sky
408,Celina,US,40.5489,-84.5702,33.55,78,0,10.89,clear sky
409,Cody,US,44.5263,-109.0565,42.26,28,0,16.11,clear sky
410,Chara,RU,56.9064,118.2631,-5.4,85,100,2.13,overcast clouds
411,Balkhash,KZ,46.844,74.9804,11.71,86,100,10.25,overcast clouds
412,Oxelosund,SE,58.6706,17.1015,34.32,82,0,1.01,clear sky
413,Solana Beach,US,32.9912,-117.2711,79.86,24,0,1.99,clear sky
414,Kaeo,NZ,-35.1,173.7833,73.33,98,100,4.65,overcast clouds
415,Kailua,US,21.4022,-157.7394,76.14,79,22,5.99,few clouds
416,Boende,CD,-0.2167,20.8667,81.36,42,100,0.34,overcast clouds
417,Ixtapa,MX,20.7,-105.2,76.23,69,20,12.66,few clouds
418,Harper,LR,4.375,-7.7169,80.11,80,100,10.74,overcast clouds
419,Ilebo,CD,-4.3167,20.5833,75.56,80,100,0.38,overcast clouds
420,Edd,ER,13.9297,41.6925,75.52,71,97,12.06,overcast clouds
421,Fernie,CA,49.5,-115.0687,36.36,94,100,5.66,overcast clouds
422,Apiai,BR,-24.5094,-48.8425,69.08,94,99,1.41,overcast clouds
423,Bondowoso,ID,-7.9135,113.8214,74.28,93,94,0.94,overcast clouds
424,Sangin,AF,32.0728,64.8359,47.98,44,0,5.82,clear sky
425,Bethanien,NA,-26.502,17.1583,70.56,71,100,18.03,moderate rain
426,Rawson,AR,-43.3002,-65.1023,75.85,34,7,15.95,clear sky
427,Warrnambool,AU,-38.3833,142.4833,59.81,81,0,10.78,clear sky
428,Yinchuan,CN,38.4681,106.2731,20.41,91,83,7.2,broken clouds
429,Akdepe,TM,42.0551,59.3788,33.37,60,7,8.08,clear sky
430,Sitka,US,57.0531,-135.33,44.49,81,100,18.41,moderate rain
431,Washougal,US,45.5826,-122.3534,55.71,71,0,4.61,clear sky
432,Port Blair,IN,11.6667,92.75,78.66,81,12,9.93,few clouds
433,Kisanga,TZ,-7.4362,37.7034,75.87,81,100,1.39,overcast clouds
434,Pleshanovo,RU,52.8333,53.4833,13.33,98,100,2.08,overcast clouds
435,Effingham,US,32.3669,-81.3332,45.05,65,100,9.93,light rain
436,Balabac,PH,7.9868,117.0645,80.47,80,100,18.5,overcast clouds
437,Kawalu,ID,-7.3817,108.2082,73.31,95,100,3.4,overcast clouds
438,Kieta,PG,-6.2167,155.6333,79.36,83,100,7.56,overcast clouds
439,Robertsport,LR,6.7533,-11.3686,80.91,83,0,11.63,clear sky
440,Westerland,DE,54.9079,8.3033,37.42,87,75,28.77,light rain
441,Selaru,RO,44.4667,25.3,43.23,48,71,5.88,broken clouds
442,Cururupu,BR,-1.8283,-44.8683,83.16,72,100,6.69,overcast clouds
443,Razole,IN,16.4833,81.8333,68.02,85,81,3.18,broken clouds
444,Novyy Urgal,RU,51.0736,132.5642,-13.68,100,99,1.66,overcast clouds
445,Belaya Gora,RU,68.5333,146.4167,-42.79,100,69,0.92,broken clouds
446,Humberto De Campos,BR,-2.5983,-43.4611,81.14,85,99,7.43,moderate rain
447,Kuybysheve,UA,47.358,36.6491,30.83,88,100,7.78,overcast clouds
448,Vardo,NO,70.3705,31.1107,23.2,78,74,21.72,broken clouds
449,Ishim,RU,56.1128,69.4902,-6.12,89,95,5.26,overcast clouds
450,Buzmeyin,TM,38.0507,58.2056,39.0,64,93,6.87,overcast clouds
451,Tabou,CI,4.423,-7.3528,80.31,80,100,9.69,overcast clouds
452,Arraial Do Cabo,BR,-22.9661,-42.0278,78.26,84,46,20.58,scattered clouds
453,Talara,PE,-4.5772,-81.2719,75.34,72,27,18.99,scattered clouds
454,Betong,TH,5.7743,101.0723,69.31,98,100,2.64,overcast clouds
455,Moussoro,TD,13.6408,16.4901,71.11,9,0,11.9,clear sky
456,Gogrial,SS,8.5332,28.1004,75.97,16,7,4.65,clear sky
457,Popondetta,PG,-8.7537,148.2534,74.23,95,100,3.62,overcast clouds
458,Port Hardy,CA,50.6996,-127.4199,46.76,83,100,14.23,overcast clouds
459,Evensk,RU,61.95,159.2333,1.26,67,0,9.06,clear sky
460,Vanavara,RU,60.34,102.2797,-13.76,100,93,2.48,overcast clouds
461,Bikin,RU,46.8161,134.26,-4.18,99,96,2.57,overcast clouds
462,Turukhansk,RU,65.8167,87.9833,-12.87,100,86,3.02,overcast clouds
463,Elat,IL,29.5581,34.9482,58.62,53,0,8.7,clear sky
464,Olafsvik,IS,64.8945,-23.7142,28.08,70,100,16.98,overcast clouds
465,Kadoma,JP,34.7333,135.5833,39.18,62,30,2.06,scattered clouds
466,Lithakia,GR,37.7167,20.8333,56.59,86,38,7.52,scattered clouds
467,Ryotsu,JP,38.0833,138.4333,31.8,76,100,16.49,light snow
468,Jalapa,MX,19.5333,-96.9167,64.94,57,41,6.91,scattered clouds
469,Saskylakh,RU,71.9167,114.0833,-24.65,100,95,1.61,overcast clouds
470,Pemangkat,ID,1.1667,108.9667,77.2,91,96,5.39,overcast clouds
471,Mareeba,AU,-17.0,145.4333,70.45,94,89,2.42,overcast clouds
472,Digha,IN,21.6833,87.55,65.12,56,100,1.9,overcast clouds
473,Whitehorse,CA,60.7161,-135.0538,32.77,86,75,11.5,broken clouds
474,Yarmouth,US,41.7057,-70.2286,32.25,59,40,0.0,scattered clouds
475,Itoman,JP,26.1247,127.6694,59.02,58,100,9.22,overcast clouds
476,Bac Lieu,VN,9.285,105.7244,79.39,72,99,18.3,overcast clouds
477,Tailai,CN,46.3833,123.4,-1.84,87,53,5.23,broken clouds
478,Bulolo,PG,-7.2,146.65,68.47,88,85,2.8,overcast clouds
479,General Pico,AR,-35.6566,-63.7568,78.57,19,0,8.1,clear sky
480,Sabang,ID,5.8933,95.3214,77.0,89,100,15.39,overcast clouds
481,Tawang,IN,27.5833,91.8667,26.82,64,0,4.72,clear sky
482,Watsa,CD,3.0372,29.5355,69.4,31,100,1.25,overcast clouds
483,Artvin,TR,41.1667,41.8333,34.88,97,100,0.4,snow
484,Aykhal,RU,66.0,111.5,-11.97,99,100,5.06,overcast clouds
485,Dzhebariki-Khaya,RU,62.2167,135.8,-39.41,99,99,0.89,overcast clouds
486,Flinders,AU,-34.5833,150.8552,66.79,85,77,11.01,moderate rain
487,Beira,MZ,-19.8436,34.8389,78.89,89,40,10.36,scattered clouds
488,Port-Cartier,CA,50.0334,-66.8654,4.75,71,100,6.17,overcast clouds
489,Batagay-Alyta,RU,67.8006,130.4114,-24.63,99,100,2.48,overcast clouds
490,Montauban,FR,44.0833,1.5,48.88,85,100,10.6,overcast clouds
491,Dunedin,NZ,-45.8742,170.5036,53.8,77,0,3.13,clear sky
492,Aswan,EG,24.0934,32.907,60.76,28,0,10.11,clear sky
493,West Bay,KY,19.3667,-81.4167,84.27,66,20,3.0,few clouds
494,Muros,ES,42.7762,-9.0603,52.3,71,47,10.63,scattered clouds
495,Natal,BR,-5.795,-35.2094,83.66,60,4,11.65,clear sky
496,Birin,NP,26.8865,88.0718,42.1,84,40,2.26,scattered clouds
497,Griffith,US,41.5284,-87.4237,35.04,69,0,5.01,clear sky
498,Katsuura,JP,35.1333,140.3,34.11,46,84,9.53,broken clouds
499,Dourbali,TD,11.8091,15.8632,75.2,16,0,9.73,clear sky
500,Jijiga,ET,9.35,42.8,61.66,80,6,9.8,clear sky
501,Strezhevoy,RU,60.7333,77.5889,3.18,96,73,9.28,broken clouds
502,Grand Island,US,40.925,-98.342,43.09,39,0,10.0,clear sky
503,Tilichiki,RU,60.4667,166.1,-13.94,84,10,9.22,clear sky
504,Rabapatona,HU,47.6322,17.48,46.8,81,100,12.15,light rain
505,Nsoko,SZ,-27.0333,31.95,69.4,97,38,6.31,light rain
506,Rassvet,RU,46.8333,40.75,30.13,98,100,20.13,overcast clouds
507,Kholodnyy,RU,62.7167,147.95,-31.97,83,47,0.85,scattered clouds
508,Fukue,JP,32.6881,128.8419,43.88,62,95,17.6,overcast clouds
509,Lompoc,US,34.6391,-120.4579,74.08,41,0,1.99,clear sky
510,Cannington,AU,-32.0167,115.95,66.45,57,20,8.01,few clouds
511,Atikokan,CA,48.7555,-91.6216,13.82,82,100,7.25,overcast clouds
512,Krasnoborsk,RU,61.5598,45.934,10.29,99,86,3.31,overcast clouds
513,Deder,ET,9.3167,41.45,56.71,75,10,8.46,clear sky
514,Kirakira,SB,-10.4544,161.9205,80.85,86,99,7.78,overcast clouds
515,Bokaa,BW,-24.45,26.0167,76.55,45,100,7.31,overcast clouds
516,Kashiwazaki,JP,37.3667,138.55,28.89,72,100,17.81,light snow
517,Auki,SB,-8.7676,160.7034,78.87,88,100,7.63,overcast clouds
518,Hasilpur,PK,29.7122,72.5553,58.17,42,5,6.76,clear sky
519,Raudeberg,NO,61.9875,5.1352,38.86,87,87,1.01,overcast clouds
520,Alice Springs,AU,-23.7,133.8833,60.35,94,0,4.61,clear sky
521,Jambi,ID,-1.6,103.6167,71.73,96,99,3.33,overcast clouds
522,Cortez,US,37.3489,-108.5859,43.56,28,0,8.05,clear sky
523,Esna,EG,25.2934,32.554,59.81,31,0,9.31,clear sky
524,Srandakan,ID,-7.9386,110.2506,76.14,88,100,4.7,overcast clouds
525,Pundaguitan,PH,6.3711,126.1689,80.04,77,100,20.4,overcast clouds
526,Nizhniy Kuranakh,RU,58.8353,125.4869,-23.12,99,19,2.28,few clouds
527,Mahebourg,MU,-20.4081,57.7,79.25,83,90,13.02,overcast clouds
528,Karlskoga,SE,59.3267,14.5239,34.92,90,47,9.24,scattered clouds
529,Pihani,IN,27.6333,80.2,51.96,73,0,1.83,clear sky
530,Caxito,AO,-8.5785,13.6643,76.93,74,49,5.17,scattered clouds
531,Manono,CD,-7.3,27.4167,68.86,98,100,3.38,light rain
532,Taoudenni,ML,22.6783,-3.9836,74.12,10,73,8.55,broken clouds
533,Victor Harbor,AU,-35.5667,138.6167,77.72,60,0,7.36,clear sky
534,Half Moon Bay,US,37.4636,-122.4286,65.77,61,0,11.5,clear sky
535,Vilyuysk,RU,63.7553,121.6247,-14.98,98,100,6.91,overcast clouds
536,Francisco Sa,BR,-16.4758,-43.4883,71.15,89,100,3.29,moderate rain
537,Doka,SD,13.5167,35.7667,74.1,24,1,11.34,clear sky
538,Fairbanks,US,64.8378,-147.7164,-1.7,77,100,0.0,light snow
539,Beidao,CN,34.5686,105.8933,22.37,87,100,2.62,overcast clouds
540,Sawakin,SD,19.1059,37.3321,70.95,61,0,9.75,clear sky
541,Novo Horizonte,BR,-21.4681,-49.2208,82.62,67,99,7.7,overcast clouds
542,Yuzhnyy,RU,53.2542,83.6936,-1.43,95,19,2.26,few clouds
543,Otane,NZ,-39.8833,176.6333,58.01,98,100,6.33,light rain
544,Hobyo,SO,5.3505,48.5268,76.73,69,65,15.39,broken clouds
545,Kimbe,PG,-5.5502,150.1429,76.57,92,28,1.83,scattered clouds
546,Makakilo City,US,21.3469,-158.0858,74.68,82,75,0.0,drizzle
547,Mandalgovi,MN,45.7625,106.2708,4.59,67,0,5.84,clear sky
548,Bumba,CD,2.1833,22.4667,75.6,38,22,3.06,few clouds
549,Tobol,KZ,52.6844,62.5794,5.54,92,100,5.75,overcast clouds
550,Beloha,MG,-25.1667,45.05,74.12,94,100,19.26,moderate rain
551,Kidal,ML,18.4411,1.4078,70.02,10,0,9.78,clear sky
552,Koumac,NC,-20.5667,164.2833,78.66,87,100,7.56,overcast clouds
553,Vila Do Maio,CV,15.1333,-23.2167,74.19,79,0,14.23,clear sky
554,Salamanca,ES,40.8333,-6.0,38.98,58,6,6.31,clear sky
555,Vaitape,PF,-16.5167,-151.75,81.21,75,100,23.0,overcast clouds
556,Saint-Leu,RE,-21.15,55.2833,77.86,77,99,2.39,overcast clouds
557,Tak,TH,16.5833,98.8333,63.61,92,56,2.91,broken clouds
558,Geraldton,AU,-28.7667,114.6,70.21,49,100,10.36,overcast clouds
559,Maralal,KE,1.0968,36.698,65.59,51,100,4.92,overcast clouds
560,Los Llanos De Aridane,ES,28.6585,-17.9182,64.15,71,40,17.0,scattered clouds
561,Abu Dhabi,AE,24.4667,54.3667,66.31,62,20,1.99,few clouds
562,Pittsburg,US,38.028,-121.8847,62.55,59,0,1.99,clear sky
563,Payakumbuh,ID,-0.2202,100.6308,67.68,92,100,3.53,overcast clouds
564,Nan,TH,18.8333,100.6667,62.55,98,95,0.58,overcast clouds
565,Lata,PT,40.1629,-8.3327,52.81,61,1,3.94,clear sky
566,Bilma,NE,18.6853,12.9164,65.66,14,0,8.52,clear sky
567,Saint Anthony,US,45.0205,-93.218,22.84,72,100,4.0,haze
568,Arona,ES,28.0996,-16.681,64.71,56,0,3.0,clear sky
569,Grenaa,DK,56.4158,10.8783,34.02,94,66,15.19,broken clouds
570,Santiago,CL,-33.4569,-70.6483,95.29,22,0,17.27,clear sky
571,Trairi,BR,-3.2778,-39.2689,83.91,65,76,10.92,broken clouds
572,Sola,VU,-13.8833,167.55,81.81,79,100,15.3,overcast clouds
573,Jacareacanga,BR,-6.2222,-57.7528,83.68,76,100,2.57,overcast clouds
574,Flin Flon,CA,54.7682,-101.865,-0.27,88,100,10.25,overcast clouds
575,Inza,RU,53.8533,46.3586,-4.49,100,95,3.38,overcast clouds
576,Haverfordwest,GB,51.8017,-4.9691,45.34,82,16,4.0,few clouds
577,Martapura,ID,-3.4167,114.85,75.29,100,100,5.75,overcast clouds
578,Tecpan,GT,14.7623,-90.9947,70.45,44,67,5.53,broken clouds
579,Qasigiannguit,GL,68.8193,-51.1922,1.65,99,100,5.39,overcast clouds
580,Mukhen,RU,48.1,136.1,-3.48,96,99,3.69,overcast clouds
581,Camana,PE,-16.6228,-72.7111,75.09,68,73,7.43,broken clouds
582,Nichinan,JP,31.6,131.3667,34.75,63,85,4.47,overcast clouds
583,Maurepas,FR,48.7649,1.9292,50.45,94,75,4.0,broken clouds
584,Tabuk,PH,17.4189,121.4443,68.85,97,100,1.5,overcast clouds
585,Bonthe,SL,7.5264,-12.505,80.64,75,36,10.45,scattered clouds
586,Young,UY,-32.6833,-57.6333,73.22,32,1,16.87,clear sky
587,Yerbogachen,RU,61.2767,108.0108,-7.11,100,100,1.95,overcast clouds
588,Marawi,PH,7.9986,124.2928,64.65,91,25,1.86,scattered clouds
589,Watertown,US,42.3709,-71.1828,30.51,60,100,5.01,light snow
590,Palauig,PH,15.435,119.9045,76.91,74,83,5.88,broken clouds
591,Jian,CN,27.1172,114.9793,42.13,94,100,7.02,overcast clouds
592,Seoul,KR,37.5683,126.9778,17.04,50,4,4.38,clear sky
593,Santa Ana,US,33.7456,-117.8678,79.66,29,0,5.01,clear sky
594,Kijang,KR,35.2442,129.2139,31.1,47,0,5.66,clear sky
595,Luoyang,CN,34.6836,112.4536,33.42,57,100,2.77,overcast clouds
596,Krasnyye Chetai,RU,55.6887,46.1386,-2.33,100,89,3.38,overcast clouds
597,Mangrol,IN,21.1167,70.1167,67.12,70,6,9.57,clear sky
598,Pandan,PH,14.0453,124.1694,76.6,87,100,15.05,overcast clouds
599,Felanitx,ES,39.4696,3.1483,52.95,84,3,1.68,clear sky
600,Arang,IN,21.2,81.9667,62.42,25,6,2.33,clear sky
601,Esperance,AU,-33.8667,121.9,62.44,71,100,23.47,overcast clouds
602,Asfi,MA,32.2994,-9.2372,60.31,75,11,15.82,few clouds
603,Qaqortoq,GL,60.7167,-46.0333,7.3,68,100,4.81,overcast clouds
604,Pierre,US,44.3683,-100.351,41.86,49,0,1.99,clear sky
605,Juneau,US,58.3019,-134.4197,42.85,92,100,14.0,light rain
606,Nanortalik,GL,60.1432,-45.2371,15.22,67,100,20.65,overcast clouds
607,Naze,JP,28.3667,129.4833,51.8,63,100,6.98,overcast clouds
608,Teguldet,RU,57.3064,88.1667,11.48,92,100,4.83,overcast clouds
609,Wajid,SO,3.8093,43.2471,82.38,22,95,12.26,overcast clouds
610,Komsomolskiy,UZ,40.4272,71.7189,39.92,87,75,4.61,broken clouds
611,Kachiry,KZ,53.0675,76.1036,8.87,82,11,10.42,few clouds
612,Road Town,VG,18.4167,-64.6167,75.29,94,40,12.66,scattered clouds
613,Brae,GB,60.3964,-1.353,39.11,56,57,30.78,broken clouds
614,Jardim,BR,-21.4803,-56.1381,87.55,44,87,10.92,overcast clouds
615,The Valley,AI,18.217,-63.0578,77.14,73,75,14.97,broken clouds
616,Mahuva,IN,21.0914,71.7622,68.83,56,5,8.32,clear sky
617,Aransas Pass,US,27.9095,-97.15,63.21,77,0,5.01,clear sky
618,Uruzgan,AF,32.8333,66.0,39.13,44,0,2.77,clear sky
619,Norheimsund,NO,60.3709,6.1456,36.72,95,100,6.15,overcast clouds
620,Navalmoral De La Mata,ES,39.8916,-5.5406,51.96,63,7,2.77,clear sky
621,Porto Tolle,IT,44.9497,12.3245,44.62,81,100,5.82,overcast clouds
622,Ballina,AU,-28.8667,153.5667,67.96,83,100,18.41,overcast clouds
623,Phon Thong,TH,16.3016,103.9768,76.96,69,52,6.51,broken clouds
624,Tianpeng,CN,30.9866,103.9393,34.38,95,61,3.09,broken clouds
625,Phan Thiet,VN,10.9333,108.1,73.53,78,100,6.53,overcast clouds
626,Tessalit,ML,20.1986,1.0114,70.7,10,0,6.76,clear sky
627,Bulalacao,PH,12.3254,121.3435,77.65,81,95,17.9,overcast clouds
628,Moba,CN,33.2288,105.0179,22.82,91,100,2.64,light snow
629,Malanville,BJ,11.8685,3.3899,80.69,16,0,7.76,clear sky
630,Los Banos,PH,14.1667,121.1833,76.82,86,98,9.8,overcast clouds
631,Waynesville,US,35.4887,-82.9887,46.72,42,0,1.99,clear sky
632,Murindo,CO,6.9848,-76.7544,91.56,44,31,3.02,scattered clouds
633,Bodden Town,KY,19.2833,-81.25,84.2,66,20,8.01,few clouds
634,Zalantun,CN,48.0,122.7167,0.36,79,22,5.95,few clouds
635,Rutland,US,43.6167,-73.0162,25.56,57,0,4.0,clear sky
636,Labuhan,ID,-6.8844,112.2051,77.36,91,100,6.87,overcast clouds
637,Aojiang,CN,22.9421,116.0359,59.02,82,100,14.56,overcast clouds
638,Wufeng,CN,27.45,104.8333,26.28,97,100,2.37,overcast clouds
639,Iberia,US,29.9502,-91.7507,56.05,35,0,3.44,clear sky
640,Laibin,CN,23.7,109.2667,50.65,94,99,1.92,light rain
641,Balagunan,PH,7.4922,125.5211,71.83,93,8,7.05,clear sky
642,San Andres,CO,12.5847,-81.7006,79.95,69,4,15.9,clear sky
643,Mezen,RU,65.8522,44.24,16.74,92,100,11.1,overcast clouds
644,Martil,MA,35.6166,-5.2752,60.87,88,60,15.93,broken clouds
645,Wanning,CN,18.8003,110.3967,70.02,91,97,5.57,overcast clouds
646,Broken Hill,AU,-31.95,141.4333,70.09,40,3,13.4,clear sky
647,Leshukonskoye,RU,64.8989,45.7622,16.36,94,100,9.08,light snow
648,Almeria,ES,37.1667,-2.3333,50.43,87,5,3.49,clear sky
649,Nouadhibou,MR,20.931,-17.0347,67.98,88,5,18.41,clear sky
650,Morondava,MG,-20.2833,44.2833,80.8,83,100,18.86,moderate rain
651,Mayo,US,38.8876,-76.5119,38.89,39,0,4.0,clear sky
652,Teseney,ER,15.11,36.6575,70.88,36,0,11.79,clear sky
653,Tura,IN,25.5198,90.2201,51.69,81,0,2.89,clear sky
654,Bagotville,AU,-28.9833,153.4167,63.64,98,75,13.49,broken clouds
655,Mumford,GH,5.2618,-0.759,80.98,81,35,7.47,scattered clouds
656,Salinopolis,BR,-0.6136,-47.3561,79.2,87,100,8.57,light rain
657,Sagunto,ES,39.6833,-0.2667,55.81,82,0,4.61,clear sky
658,Lasa,IT,46.6166,10.7002,43.54,67,100,4.97,overcast clouds
659,Chunskiy,RU,56.0815,99.6342,12.85,98,100,2.42,overcast clouds
660,Cairns,AU,-16.9167,145.7667,75.15,88,40,11.5,scattered clouds
661,Chicama,PE,-7.8447,-79.1469,70.34,57,95,11.68,overcast clouds
662,Mafinga,TZ,-7.25,35.0667,67.73,90,100,4.25,overcast clouds
663,College,US,64.8569,-147.8028,-1.71,78,100,3.44,light snow
664,Haapiti,PF,-17.5667,-149.8667,85.73,73,30,21.18,scattered clouds
665,Ajdabiya,LY,30.7554,20.2263,58.37,53,100,0.69,overcast clouds
666,Utinga,BR,-5.8172,-35.3954,86.85,62,20,14.97,few clouds
667,Gazli,UZ,40.1333,63.45,38.95,62,100,5.21,overcast clouds
668,Menongue,AO,-14.6585,17.691,59.92,88,100,4.68,overcast clouds
669,Buala,SB,-8.145,159.5921,80.69,84,100,8.99,light rain
670,Srivardhan,IN,18.0333,73.0167,70.02,75,93,4.76,overcast clouds
671,Jizan,SA,17.3333,42.6667,75.87,67,8,8.1,clear sky
672,Surt,LY,31.2089,16.5887,61.14,52,4,5.5,clear sky
673,Bataipora,BR,-22.2953,-53.2711,76.89,77,100,5.99,overcast clouds
674,Asau,RO,46.4333,26.4,41.4,54,100,6.15,overcast clouds
675,Lipari,IT,38.4674,14.954,57.78,77,61,3.83,broken clouds
676,Ambilobe,MG,-13.2,49.05,75.56,92,100,3.13,light rain
677,Yenotayevka,RU,47.2456,47.0281,30.18,74,100,6.51,overcast clouds
678,Big Spring,US,32.2504,-101.4787,54.28,33,0,7.0,clear sky
679,Ilo,PE,-17.6394,-71.3375,72.64,72,100,6.33,overcast clouds
680,Le Portel,FR,50.7056,1.5757,52.23,74,74,31.7,broken clouds
681,Teguise,ES,29.0605,-13.564,62.82,77,0,20.71,clear sky
682,Lima,PE,-12.0432,-77.0282,78.91,60,37,5.99,scattered clouds
683,Shahreza,IR,32.0339,51.8794,34.56,53,0,4.56,clear sky
684,Lodwar,KE,3.1191,35.5973,89.96,22,100,1.97,overcast clouds
685,Japura,ID,-0.3167,102.35,72.54,97,100,2.48,overcast clouds
686,Juegang,CN,32.3174,121.1855,40.91,76,100,8.61,light rain
687,Ambunti,PG,-4.2365,142.8448,73.94,99,100,0.92,light rain
688,Xalpatlahuac,MX,17.4667,-98.6167,77.86,32,14,3.24,few clouds
689,Eldorado,BR,-23.7869,-54.2836,86.41,35,11,13.31,few clouds
690,Tigil,RU,57.8,158.6667,2.57,86,69,5.84,broken clouds
691,Ylojarvi,FI,61.5563,23.5961,32.63,90,100,8.05,overcast clouds
692,Rocha,UY,-34.4833,-54.3333,71.35,44,0,19.66,clear sky
693,Sarny,UA,51.338,26.6019,33.37,98,100,13.87,overcast clouds
694,Usinsk,RU,65.9939,57.5281,-11.25,99,11,5.77,few clouds
695,Altay,CN,47.8667,88.1167,8.44,46,10,10.09,clear sky
696,Aragarcas,BR,-15.8975,-52.2508,84.61,72,81,3.89,broken clouds
697,Colares,PT,38.7992,-9.4469,60.3,49,0,5.01,clear sky
698,Pangai,TO,-19.8,-174.35,79.16,79,100,23.96,light rain
699,Tairua,NZ,-37.0167,175.85,65.08,97,100,14.38,light rain
700,Gagino,RU,55.2314,45.0339,-3.73,100,100,4.56,overcast clouds
701,Kununurra,AU,-15.7667,128.7333,75.18,100,100,0.0,overcast clouds
702,Sukumo,JP,32.9333,132.7333,32.56,84,23,5.17,few clouds
